City_ID,City,Country,Lat,Lng,Max Temp,Humidity,Cloudiness,Wind Speed,Current Description
0,New Norfolk,AU,-42.7826,147.0587,52.66,58,98,4.0,overcast clouds
1,Guhagar,IN,17.4842,73.1929,73.58,92,98,2.84,overcast clouds
2,Talnakh,RU,69.4865,88.3972,-23.8,98,100,11.23,overcast clouds
3,Khatanga,RU,71.9667,102.5,-19.01,98,100,14.36,light snow
4,Castro,BR,-24.7911,-50.0119,70.0,70,53,9.26,broken clouds
5,Butaritari,KI,3.0707,172.7902,82.47,70,69,14.14,broken clouds
6,Punta Arenas,CL,-53.15,-70.9167,55.51,47,75,27.63,broken clouds
7,Oksfjord,NO,70.2396,22.3479,18.52,91,40,11.54,scattered clouds
8,Halifax,CA,44.6453,-63.5724,37.47,83,93,11.01,overcast clouds
9,Mataura,NZ,-46.1927,168.8643,60.48,99,100,4.09,light rain
10,Mangrol,IN,21.1167,70.1167,70.86,58,2,8.28,clear sky
11,Palmer,US,42.1584,-72.3287,39.02,46,20,5.01,few clouds
12,Hermanus,ZA,-34.4187,19.2345,62.91,72,44,12.5,scattered clouds
13,New Bedford,US,41.6362,-70.9342,41.29,50,6,1.99,clear sky
14,Saint George,US,37.1041,-113.5841,73.87,24,1,1.01,clear sky
15,Hithadhoo,MV,-0.6,73.0833,81.34,78,8,10.33,clear sky
16,Chokurdakh,RU,70.6333,147.9167,-20.33,94,100,13.38,overcast clouds
17,Tautira,PF,-17.7333,-149.15,84.22,75,16,16.64,few clouds
18,Lavrentiya,RU,65.5833,-171.0,12.52,94,100,14.67,snow
19,Bud,US,39.447,-86.1758,63.32,62,0,4.79,clear sky
20,Camopi,GF,3.1655,-52.3158,74.53,98,100,3.18,overcast clouds
21,Avera,US,33.194,-82.5271,80.71,31,12,6.93,few clouds
22,Nanortalik,GL,60.1432,-45.2371,27.28,53,98,7.7,overcast clouds
23,Saskylakh,RU,71.9167,114.0833,-23.58,96,100,11.05,overcast clouds
24,Zelenoborsk,RU,61.4669,64.0333,11.5,90,56,8.12,broken clouds
25,Bubaque,GW,11.2833,-15.8333,82.09,73,92,12.88,overcast clouds
26,Saldanha,ZA,-33.0117,17.9442,62.65,80,38,25.37,scattered clouds
27,Toba,JP,34.4833,136.85,50.0,68,24,20.31,few clouds
28,Staryy Nadym,RU,65.6118,72.6842,-8.23,89,100,8.01,overcast clouds
29,Zhengjiatun,CN,43.5064,123.5064,6.75,92,23,4.18,few clouds
30,Luau,AO,-10.7073,22.2247,63.66,92,81,1.63,broken clouds
31,Olafsvik,IS,64.8945,-23.7142,36.07,71,100,4.54,overcast clouds
32,Mathathane,BW,-22.2687,28.7495,87.91,30,0,16.04,clear sky
33,Anloga,GH,5.7947,0.8973,84.42,79,100,11.88,overcast clouds
34,Rikitea,PF,-23.1203,-134.9692,76.59,74,64,14.32,light rain
35,Aksha,RU,50.2814,113.2867,14.29,90,5,4.7,clear sky
36,Banda Aceh,ID,5.5577,95.3222,76.48,85,100,12.24,light rain
37,Vila Do Maio,CV,15.1333,-23.2167,74.19,69,65,21.23,broken clouds
38,Kindersley,CA,51.4668,-109.1682,31.78,86,75,16.11,broken clouds
39,Amapa,BR,1.0,-52.0,76.03,92,97,2.48,overcast clouds
40,Ribeira Grande,PT,38.5167,-28.7,63.0,94,20,5.75,few clouds
41,Longyearbyen,SJ,78.2186,15.6401,33.64,64,40,20.71,scattered clouds
42,Goderich,CA,43.7501,-81.7165,35.91,75,99,3.44,overcast clouds
43,Mayo,US,38.8876,-76.5119,53.29,50,90,5.99,overcast clouds
44,Mar Del Plata,AR,-38.0023,-57.5575,62.1,91,90,3.0,light rain
45,Qaanaaq,GL,77.484,-69.3632,8.65,95,100,0.27,light snow
46,Norfolk,US,42.1668,-71.2495,40.55,46,1,3.0,clear sky
47,Alekseyevka,RU,50.6309,38.6903,47.21,84,100,19.95,overcast clouds
48,Bluff,NZ,-46.6,168.3333,60.8,93,100,5.28,overcast clouds
49,Clyde River,CA,70.4692,-68.5914,10.63,85,89,11.5,overcast clouds
50,Mahon,ES,39.8885,4.2658,46.96,71,20,3.44,few clouds
51,Barrow,US,71.2906,-156.7887,-16.58,76,1,21.85,haze
52,Kapaa,US,22.0752,-159.319,75.18,79,75,4.0,moderate rain
53,Marawi,PH,7.9986,124.2928,63.64,98,94,3.18,overcast clouds
54,Grindavik,IS,63.8424,-22.4338,30.67,100,75,3.44,light shower snow
55,Bayshore Gardens,US,27.4253,-82.5904,77.02,58,1,4.61,clear sky
56,Ushuaia,AR,-54.8,-68.3,56.86,38,75,17.27,broken clouds
57,Lebu,CL,-37.6167,-73.65,56.48,74,0,18.7,clear sky
58,Ahmadpur East,PK,29.1431,71.2598,63.59,20,0,4.94,clear sky
59,Kuruman,ZA,-27.4524,23.4325,61.99,85,100,15.66,moderate rain
60,Khonsa,IN,27.0167,95.5667,56.98,83,100,3.56,overcast clouds
61,Chapais,CA,49.7834,-74.8492,6.58,92,100,10.13,overcast clouds
62,Fort Nelson,CA,58.8053,-122.7002,-8.01,71,40,2.3,scattered clouds
63,Yellowknife,CA,62.456,-114.3525,-9.71,77,75,13.8,broken clouds
64,Noyabrsk,RU,63.1994,75.4507,0.99,96,100,8.28,overcast clouds
65,Busselton,AU,-33.65,115.3333,52.05,80,0,11.43,clear sky
66,Georgetown,MY,5.4112,100.3354,78.89,84,20,1.14,few clouds
67,Harrismith,ZA,-28.2728,29.1295,58.05,91,53,5.32,broken clouds
68,Port Alfred,ZA,-33.5906,26.891,64.29,76,100,7.25,overcast clouds
69,Vao,NC,-22.6667,167.4833,76.35,77,91,15.3,overcast clouds
70,Bambous Virieux,MU,-20.3428,57.7575,77.25,83,20,8.05,few clouds
71,Arroyo,ES,41.6096,-4.7969,45.61,86,33,7.94,scattered clouds
72,Kaitangata,NZ,-46.2817,169.8464,57.9,98,100,3.85,light rain
73,Constitucion,CL,-35.3333,-72.4167,61.88,57,2,16.49,clear sky
74,Cape Town,ZA,-33.9258,18.4232,63.12,65,20,5.01,few clouds
75,Cabo San Lucas,MX,22.8909,-109.9124,92.5,58,1,3.0,clear sky
76,Praia,CV,14.9215,-23.5087,73.94,73,20,19.57,few clouds
77,Puerto Ayora,EC,-0.7393,-90.3518,78.76,81,77,9.55,broken clouds
78,Albany,US,42.6001,-73.9662,35.37,50,2,1.01,clear sky
79,Manokwari,ID,-0.8667,134.0833,78.17,83,100,8.3,overcast clouds
80,Nayoro,JP,44.3506,142.4578,29.57,93,84,2.51,light snow
81,Bredasdorp,ZA,-34.5322,20.0403,61.29,70,89,7.43,overcast clouds
82,Homer,US,59.6425,-151.5483,15.04,70,1,6.91,clear sky
83,Kutum,SD,14.2,24.6667,65.91,26,0,7.31,clear sky
84,Norman Wells,CA,65.282,-126.8329,-34.56,67,20,2.3,few clouds
85,Yar-Sale,RU,66.8333,70.8333,-10.84,92,100,9.8,overcast clouds
86,Puerto El Triunfo,SV,13.2833,-88.55,99.46,60,100,6.71,overcast clouds
87,Vaini,TO,-21.2,-175.2,82.56,83,20,11.5,moderate rain
88,Dulag,PH,10.9525,125.0317,74.79,86,86,7.67,overcast clouds
89,Bandarbeyla,SO,9.4942,50.8122,76.6,67,2,17.72,clear sky
90,Torbay,CA,47.6666,-52.7314,53.76,97,90,23.02,moderate rain
91,Kruisfontein,ZA,-34.0033,24.7314,56.88,84,100,2.48,overcast clouds
92,Kananga,CD,-5.8958,22.4178,71.13,91,72,2.62,broken clouds
93,Dakar,SN,14.6937,-17.4441,73.53,88,87,11.5,overcast clouds
94,Virden,US,39.5009,-89.7679,70.5,58,11,6.38,few clouds
95,Thompson,CA,55.7435,-97.8558,-3.84,77,40,6.91,scattered clouds
96,Baherden,TM,38.4362,57.4316,43.16,88,100,5.5,overcast clouds
97,Hilo,US,19.7297,-155.09,81.39,74,20,3.44,few clouds
98,Airai,TL,-8.9266,125.4092,61.72,89,90,2.3,overcast clouds
99,Pali,IN,25.7667,73.3333,64.65,47,0,6.96,clear sky
100,Narsaq,GL,60.9167,-46.05,16.02,63,78,11.12,broken clouds
101,Souillac,MU,-20.5167,57.5167,77.38,83,20,8.05,few clouds
102,Bilibino,RU,68.0546,166.4372,-19.97,98,100,13.18,overcast clouds
103,Jamestown,US,42.097,-79.2353,36.09,80,90,7.0,overcast clouds
104,Samarai,PG,-10.6167,150.6667,82.22,78,56,5.14,broken clouds
105,Tual,ID,-5.6667,132.75,83.43,72,100,4.03,overcast clouds
106,Oussouye,SN,12.485,-16.5469,77.18,48,92,1.34,overcast clouds
107,Warmbad,NA,-28.45,18.7333,71.06,70,100,6.49,moderate rain
108,Santa Vitoria Do Palmar,BR,-33.5189,-53.3681,65.82,74,62,10.22,broken clouds
109,Paramonga,PE,-10.6667,-77.8333,68.9,82,46,10.92,scattered clouds
110,Arraial Do Cabo,BR,-22.9661,-42.0278,75.16,69,75,9.22,broken clouds
111,Krasnoselkup,RU,65.7,82.4667,-16.65,93,79,12.64,broken clouds
112,Mount Gambier,AU,-37.8333,140.7667,55.31,82,90,4.61,overcast clouds
113,Kadi,IN,23.3,72.3333,64.26,55,0,8.41,clear sky
114,Faya,SA,18.3851,42.4509,52.32,30,14,3.89,few clouds
115,Nichinan,JP,31.6,131.3667,45.55,72,3,12.08,clear sky
116,Nardaran,AZ,40.5561,50.0056,51.44,76,75,16.11,broken clouds
117,Santa Cruz Del Norte,CU,23.1539,-81.9236,77.72,65,39,13.65,scattered clouds
118,Hasaki,JP,35.7333,140.8333,34.2,64,0,7.94,clear sky
119,Shahr-E Kord,IR,32.3256,50.8644,26.37,86,0,4.61,clear sky
120,Arman,RU,59.7,150.1667,-2.99,98,100,9.42,light snow
121,Torfyanoy,RU,58.4916,49.1979,29.93,98,100,7.31,light snow
122,Fairbanks,US,64.8378,-147.7164,-19.39,73,1,0.0,clear sky
123,Victoria,HK,22.2855,114.1577,63.32,36,38,3.0,scattered clouds
124,Faanui,PF,-16.4833,-151.75,81.46,70,24,20.02,few clouds
125,Suez,EG,29.9737,32.5263,60.71,61,100,5.88,overcast clouds
126,Sitka,US,57.0531,-135.33,30.09,74,90,4.61,light snow
127,Terney,RU,45.0503,136.6092,10.29,78,7,10.31,clear sky
128,Amagi,JP,33.4167,130.65,46.02,39,27,1.01,scattered clouds
129,Aasiaat,GL,68.7098,-52.8699,8.17,83,96,15.28,overcast clouds
130,Borascu,RO,44.7,23.2833,38.88,83,100,4.03,overcast clouds
131,Skibbereen,IE,51.55,-9.2667,46.2,82,47,21.09,scattered clouds
132,Seoul,KR,37.5683,126.9778,27.84,83,0,2.3,clear sky
133,Mareeba,AU,-17.0,145.4333,78.44,81,100,4.32,overcast clouds
134,Provideniya,RU,64.3833,-173.3,30.76,98,100,12.24,snow
135,Kodiak,US,57.79,-152.4072,11.71,79,1,4.61,clear sky
136,Pilar,BR,-9.5972,-35.9567,80.53,75,9,12.1,clear sky
137,Summerville,US,33.0185,-80.1757,75.31,45,20,1.01,few clouds
138,Aswan,EG,24.0934,32.907,67.3,37,0,8.05,clear sky
139,Totoral,PE,-17.4053,-70.365,67.1,49,58,7.65,broken clouds
140,Sabang,ID,5.8933,95.3214,79.3,79,100,18.61,heavy intensity rain
141,Cherskiy,RU,68.75,161.3,-8.95,97,100,13.62,light snow
142,Tuktoyaktuk,CA,69.4541,-133.0374,-20.2,76,20,9.22,few clouds
143,Ormara,PK,25.2088,64.6357,72.72,63,0,9.46,clear sky
144,Marsh Harbour,BS,26.5412,-77.0636,73.8,61,42,6.87,scattered clouds
145,Belem De Sao Francisco,BR,-8.7539,-38.9658,86.92,42,100,11.12,overcast clouds
146,Ancud,CL,-41.8697,-73.8203,63.93,65,4,4.27,clear sky
147,Vila Velha,BR,-20.3297,-40.2925,73.35,95,90,8.01,mist
148,Keti Bandar,PK,24.1447,67.4497,72.25,34,0,8.43,clear sky
149,Port Hardy,CA,50.6996,-127.4199,41.76,81,75,4.61,broken clouds
150,Axim,GH,4.8699,-2.2405,80.04,84,33,8.01,scattered clouds
151,Havelock,US,34.8791,-76.9013,66.16,64,1,1.01,clear sky
152,Isaccea,RO,45.2667,28.4667,39.69,81,99,15.46,overcast clouds
153,Hervey Bay,AU,-25.2986,152.8535,77.02,86,5,3.0,clear sky
154,Ust-Nera,RU,64.5667,143.2,-28.03,98,99,3.18,overcast clouds
155,Tura,IN,25.5198,90.2201,61.75,88,73,3.09,broken clouds
156,Rocha,UY,-34.4833,-54.3333,65.46,76,54,10.29,broken clouds
157,Hobart,AU,-42.8794,147.3294,53.02,70,75,1.01,broken clouds
158,La Asuncion,VE,11.0333,-63.8628,92.93,52,100,17.27,overcast clouds
159,Luderitz,NA,-26.6481,15.1594,59.59,90,17,10.78,few clouds
160,Padang,ID,-0.9492,100.3543,78.85,79,100,4.68,overcast clouds
161,Ugoofaaru,MV,5.6667,73.0,81.54,76,26,3.96,scattered clouds
162,Grafton,US,42.207,-71.6856,38.62,47,1,3.0,clear sky
163,Sao Joao Da Barra,BR,-21.6403,-41.0511,71.69,80,85,7.36,overcast clouds
164,Nuuk,GL,64.1835,-51.7216,27.21,46,75,20.71,broken clouds
165,Dikson,RU,73.5069,80.5464,-22.79,94,96,14.43,overcast clouds
166,Amarpur,IN,25.0333,86.9,66.29,67,91,1.88,overcast clouds
167,Igarka,RU,67.4667,86.5833,-20.27,93,100,15.95,overcast clouds
168,Ambon,ID,-3.6954,128.1814,75.34,94,40,6.91,light rain
169,Belmonte,BR,-15.8631,-38.8828,75.7,90,81,4.47,moderate rain
170,Baker City,US,44.7749,-117.8344,53.64,72,1,3.44,clear sky
171,Bongor,TD,10.2806,15.3722,80.78,27,74,4.23,broken clouds
172,Carnarvon,AU,-24.8667,113.6333,69.87,83,40,14.97,scattered clouds
173,East London,ZA,-33.0153,27.9116,64.15,74,99,7.87,overcast clouds
174,Tabou,CI,4.423,-7.3528,79.84,84,56,8.08,broken clouds
175,Constantine,DZ,36.365,6.6147,44.01,61,40,13.8,scattered clouds
176,Rawson,AR,-43.3002,-65.1023,65.89,36,2,22.95,clear sky
177,Atuona,PF,-9.8,-139.0333,78.85,72,7,16.69,clear sky
178,Ajdabiya,LY,30.7554,20.2263,65.79,30,100,10.36,overcast clouds
179,Naze,JP,28.3667,129.4833,59.38,55,100,15.1,overcast clouds
180,Chuy,UY,-33.6971,-53.4616,65.66,75,75,9.78,broken clouds
181,Tasiilaq,GL,65.6145,-37.6368,23.16,58,76,7.38,broken clouds
182,Kumo,NG,10.0447,11.2122,78.6,25,14,5.14,few clouds
183,Avarua,CK,-21.2078,-159.775,80.65,83,20,6.91,light rain
184,Nhulunbuy,AU,-12.2333,136.7667,81.21,94,100,0.0,overcast clouds
185,Khovu-Aksy,RU,51.1333,93.6,7.88,84,100,4.59,overcast clouds
186,Lac Du Bonnet,CA,50.2536,-96.0612,25.92,76,94,15.35,overcast clouds
187,Sakakah,SA,29.9697,40.2064,53.17,44,100,7.85,overcast clouds
188,Port Hawkesbury,CA,45.6169,-61.3485,38.17,94,90,11.99,overcast clouds
189,Abu Dhabi,AE,24.4667,54.3667,77.02,71,40,1.01,scattered clouds
190,Vardo,NO,70.3705,31.1107,26.58,80,40,10.36,light shower snow
191,Carutapera,BR,-1.195,-46.02,78.64,83,100,6.02,heavy intensity rain
192,Naro,IT,37.2935,13.7936,46.56,81,100,7.72,overcast clouds
193,Road Town,VG,18.4167,-64.6167,82.49,74,20,10.36,few clouds
194,Valley City,US,46.9233,-98.0032,40.19,41,1,16.11,clear sky
195,Kenora,CA,49.8167,-94.4337,31.39,54,75,19.57,broken clouds
196,Sorland,NO,67.667,12.6934,28.47,56,44,25.75,scattered clouds
197,Borovoy,RU,55.4333,86.0833,29.48,80,40,17.9,scattered clouds
198,Meulaboh,ID,4.1363,96.1285,75.69,84,99,3.74,overcast clouds
199,Hovd,MN,48.0056,91.6419,19.11,45,96,2.21,overcast clouds
200,Venezuela,VE,8.0,-66.0,85.23,55,99,4.56,overcast clouds
201,Kilindoni,TZ,-7.9139,39.6668,79.88,79,7,10.11,light rain
202,Carndonagh,IE,55.25,-7.2667,42.73,94,100,25.23,moderate rain
203,Santiago Del Estero,AR,-27.7951,-64.2615,91.31,29,21,14.36,few clouds
204,Tuatapere,NZ,-46.1333,167.6833,61.83,98,100,3.42,moderate rain
205,Veraval,IN,20.9,70.3667,71.1,58,1,9.33,clear sky
206,Cosala,MX,24.4125,-106.6908,89.83,25,4,6.53,clear sky
207,Port Lincoln,AU,-34.7333,135.8667,59.41,64,9,10.25,clear sky
208,Lata,PT,40.1629,-8.3327,52.81,89,80,0.72,broken clouds
209,Bhayavadar,IN,21.85,70.25,67.95,53,3,8.23,clear sky
210,Port Elizabeth,ZA,-33.918,25.5701,61.09,82,0,2.3,clear sky
211,Marsa Matruh,EG,31.3525,27.2453,61.0,59,0,9.22,clear sky
212,Mae Sai,TH,20.4335,99.8762,56.52,88,62,1.86,broken clouds
213,Strezhevoy,RU,60.7333,77.5889,24.78,94,100,12.57,light snow
214,Praya,CV,14.9215,-23.5087,73.94,73,20,19.57,few clouds
215,Berlevag,NO,70.8578,29.0864,21.0,62,0,4.61,clear sky
216,Salalah,OM,17.0151,54.0924,73.49,56,0,3.44,clear sky
217,San Cristobal,VE,7.7669,-72.225,80.78,62,17,1.68,few clouds
218,Dongsheng,CN,39.8161,109.9776,25.23,25,35,5.37,scattered clouds
219,Saint-Louis,SN,16.3333,-15.0,80.24,13,90,11.7,overcast clouds
220,Puerto Baquerizo Moreno,EC,-0.9,-89.6,74.39,73,75,16.11,broken clouds
221,Kuching,MY,1.55,110.3333,77.22,94,40,3.44,light rain
222,Lorengau,PG,-2.0226,147.2712,84.0,75,60,7.92,broken clouds
223,Fortuna,US,40.5982,-124.1573,52.72,100,20,0.0,few clouds
224,Colchester,GB,51.8892,0.9042,45.99,93,100,2.98,overcast clouds
225,Touros,BR,-5.1989,-35.4608,83.3,78,84,12.41,broken clouds
226,Ambilobe,MG,-13.2,49.05,75.94,74,4,4.83,clear sky
227,Kahului,US,20.8947,-156.47,79.84,87,75,11.5,light rain
228,Nyurba,RU,63.2842,118.3319,0.21,96,100,7.9,light snow
229,Araguacu,BR,-12.9306,-49.8264,78.01,84,66,2.68,broken clouds
230,Pevek,RU,69.7008,170.3133,-4.31,89,100,18.88,overcast clouds
231,Labuhan,ID,-6.8844,112.2051,78.85,85,100,5.28,heavy intensity rain
232,Mahebourg,MU,-20.4081,57.7,77.29,83,20,8.05,few clouds
233,Gigmoto,PH,13.7796,124.39,75.7,79,66,16.71,broken clouds
234,Shakawe,BW,-18.3667,21.85,82.67,33,86,3.51,overcast clouds
235,Okato,NZ,-39.2,173.8833,65.43,92,100,12.08,overcast clouds
236,Minab,IR,27.1467,57.0801,71.1,70,0,6.44,clear sky
237,Dunedin,NZ,-45.8742,170.5036,54.81,66,100,3.0,light rain
238,Sao Joao Do Piaui,BR,-8.3581,-42.2467,81.95,59,95,4.29,moderate rain
239,Te Anau,NZ,-45.4167,167.7167,57.78,99,100,1.43,moderate rain
240,Cartagena,CO,10.3997,-75.5144,85.62,74,20,12.66,few clouds
241,San Quintin,MX,30.4833,-115.95,65.23,70,0,13.15,clear sky
242,Bonavista,CA,48.6499,-53.1147,52.12,95,100,25.48,light rain
243,Parabel,RU,58.6978,81.4825,23.0,89,100,14.67,overcast clouds
244,Mastung,PK,29.7994,66.845,45.48,39,0,3.87,clear sky
245,Pozo Colorado,PY,-23.4923,-58.7972,93.13,26,5,6.26,clear sky
246,Betioky,MG,-23.7167,44.3833,75.83,56,4,2.3,clear sky
247,Petrolia,CA,42.8668,-82.1498,37.42,60,90,5.75,overcast clouds
248,Manyana,BW,-23.4,21.7167,72.03,65,74,12.03,broken clouds
249,Sioux Falls,US,43.55,-96.7003,50.97,62,75,6.91,broken clouds
250,Upernavik,GL,72.7868,-56.1549,13.59,78,49,8.59,scattered clouds
251,Husavik,IS,66.0449,-17.3389,15.71,81,94,13.2,overcast clouds
252,Kavieng,PG,-2.5744,150.7967,83.48,74,81,8.03,broken clouds
253,Esqueda,MX,30.7167,-109.5833,71.73,16,27,7.61,scattered clouds
254,Shingu,JP,33.7333,135.9833,44.76,81,29,6.98,scattered clouds
255,Ifanadiana,MG,-21.3,47.6333,68.63,98,81,0.89,light rain
256,Glace Bay,CA,46.1969,-59.957,40.08,85,75,8.99,broken clouds
257,Cidreira,BR,-30.1811,-50.2056,68.83,77,43,19.86,scattered clouds
258,Hami,CN,42.8,93.45,23.88,61,0,2.82,clear sky
259,Caxito,AO,-8.5785,13.6643,79.45,91,100,4.29,light rain
260,Aqtobe,KZ,50.2797,57.2072,35.69,87,90,11.18,overcast clouds
261,Mpika,ZM,-11.8343,31.4529,67.62,46,6,7.14,clear sky
262,Gotsu,JP,35.0,132.2167,45.16,60,73,18.03,broken clouds
263,Lumphat,KH,13.4878,106.9816,57.6,85,17,4.36,few clouds
264,Severo-Kurilsk,RU,50.6789,156.125,38.68,92,100,13.76,overcast clouds
265,Deputatskiy,RU,69.3,139.9,-32.94,91,100,6.15,overcast clouds
266,Severo-Yeniseyskiy,RU,60.3725,93.0408,25.56,90,99,11.63,overcast clouds
267,Eureka,US,40.8021,-124.1637,52.99,77,51,4.61,broken clouds
268,Pangoa,PE,-12.1167,-73.0,81.05,67,79,1.95,broken clouds
269,Sur,OM,22.5667,59.5289,72.99,57,0,7.27,clear sky
270,Mont-Joli,CA,48.5839,-68.1921,25.59,54,75,26.46,broken clouds
271,Show Low,US,34.2542,-110.0298,64.08,30,1,5.75,clear sky
272,Galle,LK,6.0367,80.217,77.47,85,95,2.51,light rain
273,Zaplavnoye,RU,48.7048,45.0229,40.86,91,95,12.82,overcast clouds
274,Sumbe,AO,-11.2061,13.8437,77.85,87,100,6.08,overcast clouds
275,Regina,CA,50.4501,-104.6178,33.82,47,20,20.71,few clouds
276,Tiksi,RU,71.6872,128.8694,-32.28,99,49,5.86,scattered clouds
277,Hanzhong,CN,33.0728,107.0303,40.05,61,2,0.49,clear sky
278,Mecca,SA,21.4267,39.8261,73.26,50,0,1.5,clear sky
279,Nawa,IN,27.0167,75.0,60.42,51,0,3.36,clear sky
280,Concarneau,FR,47.875,-3.9225,57.81,94,100,27.22,light rain
281,Novo Aripuana,BR,-5.1206,-60.3797,76.03,96,89,0.47,overcast clouds
282,Karratha,AU,-20.7377,116.8463,83.68,38,15,10.11,few clouds
283,West Wendover,US,40.7391,-114.0733,43.81,57,1,4.61,clear sky
284,Toamasina,MG,-18.1667,49.3833,75.2,94,75,2.3,light rain
285,Soure,BR,-0.7167,-48.5233,79.57,82,84,7.54,moderate rain
286,Shakiso,ET,5.75,38.9167,55.65,80,11,2.64,few clouds
287,Khakhea,BW,-24.6895,23.494,70.88,68,97,20.04,light rain
288,Huilong,CN,31.8111,121.655,47.03,64,0,3.78,clear sky
289,Alofi,NU,-19.0595,-169.9187,80.49,83,99,12.66,light rain
290,Kamenka,RU,51.3223,42.7678,44.74,69,100,20.24,overcast clouds
291,Gat,IL,31.61,34.7642,61.39,59,100,1.45,overcast clouds
292,Nishihara,JP,26.1842,127.7558,63.68,58,90,6.91,overcast clouds
293,Urdoma,RU,61.7533,48.5442,-4.95,98,91,4.92,overcast clouds
294,Draguignan,FR,43.5333,6.4667,44.38,55,82,6.91,broken clouds
295,Knyaze-Volkonskoye,RU,48.4642,135.4567,-9.06,100,35,2.68,scattered clouds
296,Mogadishu,SO,2.0371,45.3438,79.56,75,3,14.81,clear sky
297,Santa Rosa,PH,14.3122,121.1114,75.85,73,93,13.13,overcast clouds
298,Aloleng,PH,16.1307,119.7824,77.23,63,97,13.33,overcast clouds
299,Uyemskiy,RU,64.4743,40.8524,-5.75,92,40,4.47,scattered clouds
300,Senneterre,CA,48.3835,-77.2328,7.02,81,70,7.81,broken clouds
301,Les Trois-Ilets,MQ,14.539,-61.0361,80.73,78,0,8.05,clear sky
302,Belyy Yar,RU,53.6039,91.3903,21.85,78,100,4.47,smoke
303,Amga,RU,60.8953,131.9608,-34.69,100,77,2.39,broken clouds
304,Ostrovnoy,RU,68.0531,39.5131,22.05,69,100,9.57,overcast clouds
305,Darien,US,41.752,-87.974,52.2,60,75,1.01,broken clouds
306,Ozernovskiy,RU,51.5,156.5167,38.32,82,100,14.67,overcast clouds
307,Coahuayana,MX,18.7333,-103.6833,89.08,64,57,5.64,broken clouds
308,Vallenar,CL,-28.5708,-70.7581,78.26,30,0,6.35,clear sky
309,Inhambane,MZ,-23.865,35.3833,75.97,96,15,8.59,few clouds
310,Antofagasta,CL,-23.65,-70.4,65.48,66,28,7.94,scattered clouds
311,Shebunino,RU,46.4339,141.8603,28.29,79,93,11.39,overcast clouds
312,Hualmay,PE,-11.0964,-77.6139,69.66,79,51,11.79,broken clouds
313,Gravdal,NO,68.1214,13.5031,28.29,50,40,13.8,scattered clouds
314,Kieta,PG,-6.2167,155.6333,83.57,71,14,0.87,few clouds
315,Byron Bay,AU,-28.65,153.6167,76.87,75,23,2.35,few clouds
316,Half Moon Bay,US,37.4636,-122.4286,61.59,83,90,0.0,mist
317,Klaksvik,FO,62.2266,-6.589,32.92,67,41,5.06,scattered clouds
318,Kelo,TD,9.3086,15.8066,80.01,29,68,1.92,broken clouds
319,Novotroitsk,RU,51.203,58.3266,34.5,90,100,15.75,overcast clouds
320,Olenegorsk,RU,68.15,33.3,-4.16,100,51,0.76,broken clouds
321,Naryan-Mar,RU,67.6713,53.087,-7.47,96,26,6.06,scattered clouds
322,Boende,CD,-0.2167,20.8667,73.8,81,87,1.81,light rain
323,Uglegorsk,RU,49.0833,142.0333,18.57,78,94,14.97,overcast clouds
324,Epe,NG,6.5841,3.9834,79.68,88,100,4.85,overcast clouds
325,Sioux Lookout,CA,50.1001,-91.917,28.78,86,75,8.05,light snow
326,Aykhal,RU,66.0,111.5,-8.46,99,100,9.28,light snow
327,Saint-Philippe,RE,-21.3585,55.7679,78.35,85,14,8.77,few clouds
328,Ponta Do Sol,PT,32.6667,-17.1,65.03,69,64,9.33,broken clouds
329,Tubmanburg,LR,6.8708,-10.8172,75.9,93,93,1.54,light rain
330,Ahome,MX,25.9167,-109.1833,87.75,29,6,12.55,clear sky
331,Kiunga,PG,-6.1219,141.2906,76.66,96,94,1.48,heavy intensity rain
332,Bengkulu,ID,-3.8004,102.2655,76.37,89,100,5.37,light rain
333,Nikolskoye,RU,59.7035,30.7861,23.02,95,100,6.91,overcast clouds
334,Marrakesh,MA,31.6315,-8.0083,50.07,66,0,5.75,clear sky
335,Locri,IT,38.2414,16.2623,55.94,84,100,9.6,overcast clouds
336,Tezu,IN,27.9167,96.1667,63.99,55,100,3.4,overcast clouds
337,Tombouctou,ML,20.0,-3.0,69.89,18,42,11.07,scattered clouds
338,Parsons,US,37.3403,-95.2611,71.71,56,79,3.47,broken clouds
339,Laguna,US,38.421,-121.4238,76.23,100,90,0.0,mist
340,Atambua,ID,-9.1061,124.8925,76.21,82,99,2.93,overcast clouds
341,Menongue,AO,-14.6585,17.691,66.9,79,97,4.63,light rain
342,Namibe,AO,-15.1961,12.1522,73.27,63,39,6.04,scattered clouds
343,Agadir,MA,30.4202,-9.5982,52.25,57,0,3.65,clear sky
344,Hofn,IS,64.2539,-15.2082,30.87,54,9,10.09,clear sky
345,Tiarei,PF,-17.5333,-149.3333,84.22,75,18,17.11,few clouds
346,Marilia,BR,-22.2139,-49.9458,76.32,50,24,3.29,few clouds
347,Zavoronezhskoye,RU,52.8801,40.5526,43.77,85,100,22.12,overcast clouds
348,Krotoszyn,PL,51.6987,17.4374,32.76,65,91,12.19,overcast clouds
349,Rio Gallegos,AR,-51.6226,-69.2181,69.85,28,75,12.66,broken clouds
350,Mana,GF,5.6592,-53.7767,77.85,87,27,7.0,scattered clouds
351,Ornskoldsvik,SE,63.2909,18.7153,23.95,100,90,8.05,light snow
352,Emerald,AU,-23.5333,148.1667,82.98,68,90,8.05,overcast clouds
353,Adrar,MR,20.5022,-10.0711,67.37,22,100,10.63,overcast clouds
354,Bathsheba,BB,13.2167,-59.5167,83.01,74,40,12.66,scattered clouds
355,Chicama,PE,-7.8447,-79.1469,66.74,67,68,9.26,broken clouds
356,Comodoro Rivadavia,AR,-45.8667,-67.5,71.46,30,0,21.85,clear sky
357,Bethel,US,41.3712,-73.414,43.38,51,1,1.99,clear sky
358,Marienburg,PL,54.0359,19.0266,34.12,79,100,14.12,overcast clouds
359,Robe,AU,-37.1833,139.75,58.17,68,100,15.03,overcast clouds
360,Paamiut,GL,61.994,-49.6678,20.8,64,100,14.47,overcast clouds
361,Nalut,LY,30.3333,10.85,47.01,56,1,11.99,clear sky
362,Baghdad,IQ,33.3406,44.4009,46.31,53,0,4.61,clear sky
363,Gelemso,ET,8.8167,40.5167,57.81,49,6,2.28,clear sky
364,Murgab,TM,37.4966,61.9714,40.87,75,90,11.5,overcast clouds
365,Burnie,AU,-41.0667,145.9167,55.47,73,70,14.63,broken clouds
366,Konstantinovka,RU,49.6167,127.9833,-18.56,92,7,3.24,clear sky
367,Koungou,YT,-12.7336,45.2042,80.31,83,0,4.61,clear sky
368,Dongzhen,CN,22.3797,110.9389,53.28,42,79,4.0,broken clouds
369,Ayr,GB,55.4627,-4.6339,47.5,81,75,14.97,broken clouds
370,Zhumadian,CN,32.9794,114.0294,43.32,35,66,3.29,broken clouds
371,Buta,CD,2.7858,24.73,69.33,95,100,0.54,overcast clouds
372,Bansgaon,IN,26.5586,83.3481,64.17,69,69,4.27,broken clouds
373,Bonthe,SL,7.5264,-12.505,80.47,80,97,5.75,overcast clouds
374,Sokone,SN,13.8833,-16.3667,85.89,15,90,9.4,overcast clouds
375,Lichinga,MZ,-13.3128,35.2406,68.09,68,0,8.05,clear sky
376,Sao Filipe,CV,14.8961,-24.4956,75.83,68,87,13.2,overcast clouds
377,Charlottesville,US,38.0293,-78.4767,62.62,26,3,2.28,clear sky
378,Zyryanka,RU,65.75,150.85,-13.34,99,100,5.46,overcast clouds
379,Pangkalanbuun,ID,-2.6833,111.6167,74.34,98,96,3.31,moderate rain
380,Birin,NP,26.8865,88.0718,51.55,82,91,3.53,overcast clouds
381,Esperance,AU,-33.8667,121.9,53.44,76,0,11.23,clear sky
382,Zvishavane,ZW,-20.3267,30.0665,78.06,38,6,2.98,clear sky
383,San Juan,AR,-31.5375,-68.5364,74.97,48,80,19.8,broken clouds
384,Bucerias,MX,20.75,-105.3333,82.98,69,1,9.22,clear sky
385,Saint-Augustin,CA,51.226,-58.6502,38.12,99,100,9.46,overcast clouds
386,Shelburne,CA,44.0787,-80.2041,30.76,77,62,7.34,broken clouds
387,Guadalupe Y Calvo,MX,26.1,-106.9667,63.05,28,18,8.41,few clouds
388,Porto Novo,BJ,6.4965,2.6036,84.02,82,100,7.09,overcast clouds
389,Abashiri,JP,44.0213,144.2697,38.95,74,100,13.2,overcast clouds
390,Grand-Lahou,CI,5.1367,-5.0242,79.79,84,78,8.12,broken clouds
391,Waddan,LY,29.1614,16.139,63.57,16,93,11.54,overcast clouds
392,Sonamukhi,IN,23.3,87.4167,69.01,61,98,5.26,overcast clouds
393,Sitio Novo Do Tocantins,BR,-5.5183,-47.4611,76.3,91,95,2.64,overcast clouds
394,Mandali,IQ,33.7499,45.5541,54.82,42,2,8.61,clear sky
395,Ketchikan,US,55.3422,-131.6461,34.27,93,75,6.91,light snow
396,Coos Bay,US,43.3665,-124.2179,56.93,85,1,6.91,clear sky
397,Iskateley,RU,67.6803,53.1512,-7.69,96,27,5.97,scattered clouds
398,Yaan,NG,7.3833,8.5667,81.45,21,52,0.36,broken clouds
399,Bara,NG,10.3744,10.7288,76.84,27,13,6.31,few clouds
400,Altagracia De Orituco,VE,9.8601,-66.3814,77.04,73,74,5.93,broken clouds
401,Aksay,RU,47.26,39.87,48.42,77,97,11.99,overcast clouds
402,Coihaique,CL,-45.5752,-72.0662,67.95,30,20,5.75,few clouds
403,Hearst,CA,49.6835,-83.6665,5.25,90,100,2.1,overcast clouds
404,Maniitsoq,GL,65.4167,-52.9,23.7,54,100,23.8,overcast clouds
405,Parit Buntar,MY,5.1267,100.4932,78.94,91,99,1.54,overcast clouds
406,Kez,RU,57.8979,53.7152,25.74,96,99,4.36,overcast clouds
407,Sola,VU,-13.8833,167.55,81.27,83,90,4.61,overcast clouds
408,Omboue,GA,-1.5746,9.2618,76.19,91,100,4.74,moderate rain
409,Araouane,ML,18.9048,-3.5265,71.55,16,89,10.98,overcast clouds
410,Gamba,GA,-2.65,10.0,77.16,89,100,3.15,light rain
411,Dandong,CN,40.1292,124.3947,26.82,57,32,4.94,scattered clouds
412,Bellary,IN,15.15,76.9333,72.95,75,100,3.29,overcast clouds
413,Maceio,BR,-9.6658,-35.7353,81.84,78,0,16.11,clear sky
414,Mujiayingzi,CN,42.1167,118.7833,25.77,58,6,5.95,clear sky
415,Shimoda,JP,34.6667,138.95,52.61,63,0,24.96,clear sky
416,Dingle,PH,10.9995,122.6711,72.3,92,88,7.74,overcast clouds
417,Robertson,US,36.5167,-86.8667,75.09,40,1,12.66,clear sky
418,Ahuimanu,US,21.4447,-157.8378,78.78,75,90,17.27,moderate rain
419,Camargo,MX,27.6667,-105.1667,77.5,24,5,5.28,clear sky
420,Egvekinot,RU,66.3167,-179.1667,12.07,94,91,5.53,overcast clouds
421,Aklavik,CA,68.2191,-135.0107,-22.97,68,20,5.75,few clouds
422,Beroroha,MG,-21.6667,45.1667,80.02,53,0,5.23,clear sky
423,Cap Malheureux,MU,-19.9842,57.6142,77.49,75,20,4.0,few clouds
424,Buturlinovka,RU,50.8239,40.6092,44.87,80,92,20.38,overcast clouds
425,Kesinga,IN,20.2,83.2333,67.51,71,100,2.73,overcast clouds
426,Isangel,VU,-19.55,169.2667,84.31,70,40,0.0,scattered clouds
427,Caravelas,BR,-17.7125,-39.2481,74.37,90,70,7.83,broken clouds
428,Katete,UG,-0.7818,29.7544,60.3,95,100,2.93,overcast clouds
429,Emba,KZ,48.8264,58.1442,28.69,92,29,7.14,scattered clouds
430,Smithers,CA,54.7804,-127.1743,30.52,74,75,9.22,light snow
431,Slave Lake,CA,55.2834,-114.769,28.38,59,90,10.36,overcast clouds
432,Chernenko,RU,44.365,39.3103,44.83,63,60,6.42,broken clouds
433,Bibiani,GH,6.4635,-2.3194,75.47,70,29,3.49,scattered clouds
434,Gazojak,TM,41.1875,61.4036,40.32,57,100,13.33,overcast clouds
435,Wilmington,US,34.2257,-77.9447,68.94,57,2,1.01,clear sky
436,Pisco,PE,-13.7,-76.2167,71.65,73,0,25.32,clear sky
437,Roald,NO,62.5833,6.1333,32.09,74,90,8.05,light snow
438,Bac Lieu,VN,9.285,105.7244,72.09,86,100,4.83,overcast clouds
439,Port-Gentil,GA,-0.7193,8.7815,76.96,88,40,0.0,moderate rain
440,Salinas,US,36.6777,-121.6555,63.0,71,20,4.61,few clouds
441,Katherine,AU,-14.4667,132.2667,82.72,69,90,2.3,overcast clouds
442,Concordia,AR,-31.393,-58.0209,82.78,40,0,8.01,clear sky
443,Cacoal,BR,-11.4386,-61.4472,76.17,95,100,3.98,overcast clouds
444,Kwinana,AU,-32.25,115.7667,64.24,67,0,12.88,clear sky
445,Nizhniy Baskunchak,RU,48.2198,46.8311,39.67,90,100,14.79,overcast clouds
446,Kavaratti,IN,10.5669,72.642,80.94,74,4,1.95,clear sky
447,Castlegar,CA,49.2998,-117.6689,38.3,58,100,2.08,overcast clouds
448,Itoman,JP,26.1247,127.6694,64.42,55,75,18.41,broken clouds
449,Awbari,LY,26.5921,12.7805,59.58,20,57,18.32,broken clouds
450,Plettenberg Bay,ZA,-34.0527,23.3716,59.72,82,99,3.13,overcast clouds
451,Kemijarvi,FI,66.7131,27.4306,6.33,97,59,4.14,broken clouds
452,Port Macquarie,AU,-31.4333,152.9167,73.89,73,7,5.57,clear sky
453,Haines Junction,CA,60.7522,-137.5108,-2.25,60,100,4.61,overcast clouds
454,Saint Anthony,US,45.0205,-93.218,44.53,81,75,1.99,broken clouds
455,Foumban,CM,5.7291,10.9001,69.73,50,95,2.64,overcast clouds
456,Henties Bay,NA,-22.116,14.2845,61.86,89,0,7.36,clear sky
457,Port Hedland,AU,-20.3167,118.5667,75.25,83,8,6.91,clear sky
458,Komsomolskiy,UZ,40.4272,71.7189,40.42,56,100,6.91,haze
459,Roma,US,43.2128,-75.4557,33.12,50,1,13.8,clear sky
460,Ndioum,SN,16.5129,-14.6471,80.49,13,96,11.59,overcast clouds
461,Susanville,US,40.4163,-120.653,61.81,34,0,2.57,clear sky
462,Manzhouli,CN,49.6,117.4333,9.77,97,89,3.87,overcast clouds
463,La Ronge,CA,55.1001,-105.2842,10.65,72,90,6.91,light snow
464,San Carlos,VE,9.6612,-68.5827,83.46,57,100,2.91,overcast clouds
465,Yabelo,ET,4.8833,38.0833,60.49,68,13,13.0,few clouds
466,Saraland,US,30.8207,-88.0706,76.55,79,100,3.91,overcast clouds
467,Macedo De Cavaleiros,PT,41.5382,-6.9611,43.32,91,73,3.22,broken clouds
468,Troy,US,42.6056,-83.1499,37.89,79,100,1.99,overcast clouds
469,Andra,RU,62.5147,65.8878,12.33,96,100,7.18,overcast clouds
470,Coari,BR,-4.085,-63.1414,76.66,88,90,1.21,moderate rain
471,Codrington,AU,-38.2667,141.9667,58.82,68,91,15.73,overcast clouds
472,Santa Helena De Goias,BR,-17.8136,-50.5969,80.37,66,100,2.66,overcast clouds
473,Gualeguay,AR,-33.1416,-59.3097,82.71,28,30,13.27,light rain
474,Srednekolymsk,RU,67.45,153.6833,-14.94,96,100,14.81,overcast clouds
475,Vila Franca Do Campo,PT,37.7167,-25.4333,63.19,76,23,2.3,few clouds
476,Lodja,CD,-3.4833,23.4333,70.88,95,100,0.67,overcast clouds
477,Alihe,CN,50.5667,123.7167,-1.98,92,24,2.04,few clouds
478,Poya,NC,-21.35,165.15,82.76,67,90,3.94,overcast clouds
479,Nouadhibou,MR,20.931,-17.0347,66.18,72,6,16.11,clear sky
480,Minggang,CN,32.4586,114.0486,44.11,33,51,3.2,broken clouds
481,Lompoc,US,34.6391,-120.4579,66.13,84,90,6.91,overcast clouds
482,Leningradskiy,RU,69.3833,178.4167,6.55,93,38,13.29,scattered clouds
483,Jiuquan,CN,39.7432,98.5174,27.19,35,0,2.44,clear sky
484,Alyangula,AU,-13.8483,136.4192,76.87,100,97,0.0,overcast clouds
485,Mandalgovi,MN,45.7625,106.2708,21.45,29,0,7.76,clear sky
486,Kodinsk,RU,58.6881,99.1844,31.32,96,100,11.5,snow
487,Dimona,IL,31.0667,35.0333,57.51,55,100,2.37,overcast clouds
488,Santa Maria,BR,-29.6842,-53.8069,81.7,47,0,11.5,clear sky
489,Kristiansund,NO,63.1115,7.732,25.45,68,75,5.75,broken clouds
490,Kemin,KG,42.7846,75.6892,42.1,58,97,5.01,overcast clouds
491,Maraa,BR,-1.8333,-65.3667,75.87,96,100,1.95,light rain
492,Fukue,JP,32.6881,128.8419,50.99,59,79,23.71,broken clouds
493,Pingdu,CN,36.7844,119.9464,31.44,61,0,5.1,clear sky
494,Luanda,AO,-8.8368,13.2343,78.8,83,75,11.5,light rain
495,Bhandara,IN,21.1667,79.65,68.59,55,63,5.37,broken clouds
496,Flinders,AU,-34.5833,150.8552,67.17,88,100,6.22,overcast clouds
497,Makakilo City,US,21.3469,-158.0858,77.61,79,90,8.05,light rain
498,Punta Alta,AR,-38.8759,-62.0736,59.61,62,95,15.48,overcast clouds
499,Cruzeiro Do Oeste,BR,-23.785,-53.0733,78.67,46,0,4.27,clear sky
500,Hay River,CA,60.8156,-115.7999,-5.82,77,90,17.27,light snow
501,Bosaso,SO,11.2842,49.1816,73.4,65,1,2.59,clear sky
502,Muros,ES,42.7762,-9.0603,57.24,93,42,15.86,scattered clouds
503,Milkovo,RU,54.7167,158.6167,20.01,95,74,0.92,broken clouds
504,Brookhaven,US,31.5791,-90.4407,74.35,69,60,4.03,broken clouds
505,Pangnirtung,CA,66.1451,-65.7125,17.6,67,90,4.61,overcast clouds
506,Katsuura,JP,35.1333,140.3,46.51,63,0,15.57,clear sky
507,Kosice,SK,48.6667,21.3333,25.29,93,0,3.44,clear sky
508,Xining,CN,36.6167,101.7667,25.7,36,0,2.46,clear sky
509,Orito,CO,0.6766,-76.8771,76.59,95,92,1.28,overcast clouds
510,Bikaner,IN,28.0167,73.3,64.26,27,0,5.61,clear sky
511,La Palma,US,33.8464,-118.0467,75.74,68,40,5.01,haze
512,Cascais,PT,38.6979,-9.4215,55.47,72,5,15.01,clear sky
513,Ilulissat,GL,69.2167,-51.1,15.82,62,20,32.21,few clouds
514,Santa Isabel Do Rio Negro,BR,-0.4139,-65.0192,77.41,95,99,1.41,overcast clouds
515,Surt,LY,31.2089,16.5887,63.82,44,78,20.74,broken clouds
516,Broome,US,42.2506,-75.833,35.46,70,20,3.0,few clouds
517,Sao Jose Da Coroa Grande,BR,-8.8978,-35.1478,79.61,83,24,11.72,few clouds
518,Pecos,US,31.4229,-103.4932,83.23,20,1,9.22,clear sky
519,Mackay,AU,-21.15,149.2,84.69,94,40,8.05,scattered clouds
520,Merritt Island,US,28.5392,-80.672,75.56,65,1,5.75,clear sky
521,Kigoma,TZ,-4.8769,29.6267,74.25,78,93,5.57,overcast clouds
522,Lagoa,PT,39.05,-27.9833,64.09,82,87,9.78,overcast clouds
523,Descalvado,BR,-21.9039,-47.6194,83.28,60,34,11.9,scattered clouds
524,Sanmenxia,CN,34.7747,111.1814,38.03,40,41,2.68,scattered clouds
525,Price,US,39.5994,-110.8107,58.12,32,1,0.0,clear sky
526,Nome,US,64.5011,-165.4064,6.87,85,90,27.63,snow
527,Kot Kapura,IN,30.5833,74.9,60.82,53,1,1.74,clear sky
528,Saint-Leu,RE,-21.15,55.2833,77.83,82,5,4.65,clear sky
529,Vynohradivka,UA,45.6812,28.5714,39.4,85,100,14.34,overcast clouds
530,Santa Cruz,BO,-17.8,-63.1667,85.46,70,40,10.36,scattered clouds
531,Bairiki,KI,1.3292,172.9752,84.2,70,20,5.75,few clouds
532,Killybegs,IE,54.6333,-8.45,46.24,70,100,23.78,light rain
533,Noumea,NC,-22.2763,166.4572,82.0,99,100,4.03,overcast clouds
534,Mukono,UG,0.3533,32.7553,69.55,94,100,0.94,light rain
535,Kununurra,AU,-15.7667,128.7333,80.58,89,99,0.0,overcast clouds
536,Taoudenni,ML,22.6783,-3.9836,66.56,15,84,12.57,broken clouds
537,Binzhou,CN,37.3667,118.0167,37.29,58,0,5.21,clear sky
538,Surman,LY,32.7567,12.5716,52.95,66,85,18.28,overcast clouds
539,Geraldton,AU,-28.7667,114.6,72.12,63,0,12.66,clear sky
540,Thinadhoo,MV,0.5333,72.9333,81.37,79,24,10.63,few clouds
541,Japura,ID,-0.3167,102.35,73.96,96,100,3.02,heavy intensity rain
542,Saint-Pierre,RE,-21.3393,55.4781,78.44,73,0,5.75,clear sky
543,Tallahassee,US,30.4383,-84.2807,75.4,65,75,4.61,broken clouds
544,Puerto Del Rosario,ES,28.5004,-13.8627,65.95,68,40,21.85,scattered clouds
545,Kholodnyy,RU,62.7167,147.95,-27.02,100,99,2.21,overcast clouds
546,General Pico,AR,-35.6566,-63.7568,60.94,92,99,9.91,overcast clouds
547,Dillon,US,34.4166,-79.3712,79.14,44,0,4.9,clear sky
548,Guerrero Negro,MX,27.9769,-114.0611,69.37,58,2,14.94,clear sky
549,Sao Luiz Gonzaga,BR,-28.4083,-54.9608,81.16,39,0,5.03,clear sky
550,Khasan,RU,42.4308,130.6434,20.39,63,1,17.67,clear sky
551,Wyndham,US,37.6985,-77.6125,62.46,45,1,1.99,clear sky
552,Luanshya,ZM,-13.1367,28.4166,69.98,48,51,5.28,broken clouds
553,Kungurtug,RU,50.5994,97.5228,3.06,82,63,2.73,broken clouds
554,Dangriga,BZ,16.9692,-88.2321,82.98,65,32,6.13,scattered clouds
555,Mawlaik,MM,23.6333,94.4167,63.68,93,91,0.49,overcast clouds
556,Yarmouth,US,41.7057,-70.2286,41.18,49,1,8.05,clear sky
557,Frontera,MX,26.9333,-101.45,87.55,27,20,0.0,few clouds
558,Novi Ligure,IT,44.7608,8.7896,45.88,88,22,2.62,few clouds
559,Savonlinna,FI,61.8699,28.88,21.25,79,90,10.36,light snow
560,Gatton,AU,-27.55,152.2833,78.42,67,24,1.88,few clouds
561,Port Blair,IN,11.6667,92.75,79.25,83,13,8.16,few clouds
562,Athens,GR,37.9795,23.7162,64.2,75,40,5.99,scattered clouds
563,Rovaniemi,FI,66.5,25.7167,13.41,85,0,10.36,clear sky
564,Eskisehir,TR,39.7767,30.5206,46.31,76,75,8.05,light rain
565,Bowen,AU,-20.0167,148.2333,79.02,71,10,10.16,clear sky
566,San Patricio,US,28.017,-97.5169,86.09,57,1,11.72,clear sky
567,Rio Grande,BR,-32.035,-52.0986,75.31,69,7,15.35,clear sky
568,Kaiyuan,CN,23.6977,103.3037,47.12,90,14,2.26,few clouds
569,Asau,RO,46.4333,26.4,34.75,82,100,2.21,light rain
570,Guiratinga,BR,-16.3494,-53.7583,77.63,82,66,1.77,broken clouds
571,Namatanai,PG,-3.6667,152.4333,81.73,82,97,7.16,moderate rain
572,Mocuba,MZ,-16.8392,36.9856,80.94,59,0,6.71,clear sky
573,Oranjemund,NA,-28.55,16.4333,63.73,78,69,14.2,broken clouds
574,Ranipur,PK,27.2879,68.5051,57.25,22,0,4.14,clear sky
575,Nantucket,US,41.2835,-70.0995,41.14,57,32,27.22,scattered clouds
576,Purwodadi,ID,-7.0868,110.9158,78.51,88,100,3.24,overcast clouds
577,Alagoinhas,BR,-12.1356,-38.4192,75.04,75,99,6.98,overcast clouds
578,Saint Pete Beach,US,27.7253,-82.7412,75.67,69,1,1.01,clear sky
579,Honiara,SB,-9.4333,159.95,84.15,72,100,1.45,overcast clouds
580,Cayenne,GF,4.9333,-52.3333,77.09,91,89,3.44,overcast clouds
581,Hauterive,FR,46.0901,3.4459,50.76,93,100,9.24,light rain
582,Upington,ZA,-28.4478,21.2561,66.58,94,100,9.22,light rain
583,Lazaro Cardenas,MX,17.9583,-102.2,83.41,71,65,9.66,broken clouds
584,Novyy Oskol,RU,50.7631,37.8691,44.64,91,100,14.9,light rain
585,Scarborough,GB,54.2797,-0.4044,44.51,89,48,1.01,scattered clouds
586,Bafra,TR,41.5678,35.9069,49.78,53,34,9.17,scattered clouds
587,Roatan,HN,16.3244,-86.5366,82.27,80,66,1.99,broken clouds
588,Victor Harbor,AU,-35.5667,138.6167,60.46,67,26,1.99,scattered clouds
589,Bahce,TR,37.1972,36.5766,43.56,52,100,5.93,overcast clouds
590,Pangai,TO,-19.8,-174.35,80.71,78,75,13.8,light rain
591,Predivinsk,RU,57.0669,93.4378,34.29,90,100,14.36,overcast clouds
592,Ixtapa,MX,20.7,-105.2,82.22,80,3,7.0,clear sky
593,George,ZA,-33.963,22.4617,60.22,75,100,4.27,overcast clouds
594,Malko Tarnovo,BG,41.9833,27.5333,51.78,89,100,13.85,light rain
595,Karabuk,TR,41.2049,32.6277,45.37,75,30,3.85,scattered clouds
596,Ciudad Ojeda,VE,10.1964,-71.3082,82.51,73,44,8.43,scattered clouds
597,Taunggyi,MM,20.7833,97.0333,50.76,85,59,2.53,broken clouds
598,Glens Falls,US,43.3095,-73.644,35.74,48,1,1.01,clear sky
599,Chillan,CL,-36.6066,-72.1034,77.32,27,20,3.44,few clouds
600,Evensk,RU,61.95,159.2333,-18.56,74,9,9.95,clear sky
601,North Platte,US,41.1239,-100.7654,58.98,34,1,5.99,clear sky
602,Coruripe,BR,-10.1256,-36.1756,79.52,82,14,15.19,few clouds
603,Karema,TZ,-6.8205,30.4389,73.54,71,5,3.02,clear sky
604,Goldap,PL,54.3063,22.3036,31.69,97,91,10.0,light snow
605,Megion,RU,61.0296,76.1136,24.82,94,100,15.37,light snow
606,Walvis Bay,NA,-22.9575,14.5053,62.1,88,0,4.61,clear sky
607,Pandan,PH,14.0453,124.1694,76.14,77,85,18.5,overcast clouds
608,Florian,CO,5.8049,-73.9703,66.52,96,96,1.1,overcast clouds
609,Gobabis,NA,-22.45,18.9667,71.1,62,96,6.42,light rain
610,Koslan,RU,63.4564,48.8989,-4.68,92,44,4.9,scattered clouds
611,Voh,NC,-20.9667,164.7,83.86,67,35,4.0,light rain
612,Kuragino,RU,53.8975,92.6725,22.71,89,100,2.95,overcast clouds
613,Jieshi,CN,22.8134,115.8257,55.94,57,2,12.35,clear sky
614,Viedma,AR,-40.8135,-62.9967,61.97,37,80,13.22,broken clouds
615,College,US,64.8569,-147.8028,-19.41,73,1,3.44,clear sky
616,Palauig,PH,15.435,119.9045,75.29,68,59,6.89,broken clouds
617,Makiyivka,UA,48.0478,37.9258,46.42,86,100,12.93,overcast clouds
618,Uruguaiana,BR,-29.7547,-57.0883,85.93,39,0,13.8,clear sky
619,Smirnykh,RU,49.75,142.8333,8.17,84,77,9.42,broken clouds
620,Wencheng,CN,33.0559,113.7978,44.47,34,76,2.86,broken clouds
621,Kampot,KH,10.6167,104.1833,77.05,85,31,8.21,scattered clouds
622,Skjervoy,NO,70.0311,20.9714,24.46,74,6,23.35,clear sky
623,Nakamura,JP,32.9833,132.9333,43.56,69,42,8.77,scattered clouds
624,Dedougou,BF,12.4667,-3.4667,79.9,17,75,7.83,broken clouds
625,Broken Hill,AU,-31.95,141.4333,58.71,55,51,18.41,broken clouds
626,Awjilah,LY,29.1081,21.2869,65.43,27,100,16.31,overcast clouds
627,Podgorica,ME,42.4411,19.2636,47.52,87,90,14.97,overcast clouds
628,Moose Factory,CA,51.2585,-80.6094,5.0,56,1,12.66,clear sky
629,Okhotsk,RU,59.3833,143.3,-18.24,88,58,16.33,broken clouds
630,Gudari,IN,19.35,83.7833,66.22,94,100,3.65,overcast clouds
631,Calabozo,VE,8.9242,-67.4293,87.28,42,92,6.06,overcast clouds
632,Biancavilla,IT,37.6451,14.8671,51.82,90,100,5.32,light rain
633,Mahajanga,MG,-15.7167,46.3167,80.62,74,20,4.61,few clouds
634,Mount Isa,AU,-20.7333,139.5,89.37,31,71,3.44,broken clouds
635,Umm Lajj,SA,25.0213,37.2685,75.45,62,8,9.69,clear sky
636,Atasu,KZ,48.6814,71.6433,16.56,97,41,2.62,scattered clouds
637,Irituia,BR,-1.7711,-47.4381,76.42,91,99,4.5,moderate rain
638,Saint-Francois,FR,46.4154,3.9054,40.68,93,90,9.22,light rain
639,San Jeronimo,PE,-11.9472,-75.2829,59.13,62,99,6.04,overcast clouds
640,Asekeyevo,RU,53.5742,52.7972,35.76,99,100,11.72,overcast clouds
641,Atherton,GB,53.5237,-2.4935,45.21,91,100,1.01,overcast clouds
642,Acarau,BR,-2.8856,-40.12,81.07,80,32,15.75,heavy intensity rain
643,Iqaluit,CA,63.7506,-68.5145,6.53,71,40,5.99,scattered clouds
644,Coihueco,CL,-36.6167,-71.8333,75.94,27,20,3.44,few clouds
645,Alappuzha,IN,9.49,76.3264,77.95,85,30,4.38,scattered clouds
646,Grand-Santi,GF,4.25,-54.3833,73.51,98,76,2.53,broken clouds
647,Almaznyy,RU,48.0448,40.045,44.74,73,91,15.17,light rain
648,Kovacica,RS,45.1117,20.6214,41.25,73,93,5.66,overcast clouds
649,Zhigansk,RU,66.7697,123.3711,-35.32,97,88,13.73,overcast clouds
650,Tainan,TW,22.9908,120.2133,58.78,76,20,2.3,few clouds
651,San Jose,US,37.3394,-121.895,62.89,75,75,3.44,haze
652,Los Llanos De Aridane,ES,28.6585,-17.9182,62.13,69,75,7.0,broken clouds
653,Kalmunai,LK,7.4167,81.8167,76.69,87,81,2.64,broken clouds
654,Trinidad,BO,-14.8333,-64.9,85.98,74,75,4.61,heavy intensity rain
655,Wageningen,NL,51.9667,5.6667,40.95,94,90,12.66,mist
656,Teahupoo,PF,-17.8333,-149.2667,78.76,76,24,16.93,few clouds
657,Jega,NG,12.2175,4.3792,77.76,16,16,8.14,few clouds
658,Utraula,IN,27.3167,82.4167,62.06,76,57,5.06,broken clouds
659,Khandyga,RU,62.6667,135.6,-43.96,99,63,3.49,broken clouds
660,Khon Kaen,TH,16.5,102.0833,55.83,69,69,2.64,broken clouds
661,Vestmanna,FO,62.1564,-7.1664,31.12,93,65,0.0,broken clouds
662,Coolum Beach,AU,-26.5333,153.1,79.34,81,9,7.61,clear sky
663,North Bend,US,43.4065,-124.2243,56.86,85,1,6.91,clear sky
664,Batagay-Alyta,RU,67.8006,130.4114,-42.2,94,9,2.91,clear sky
665,Hoorn,NL,52.6431,5.0578,44.58,93,100,12.64,overcast clouds
666,Pacific Grove,US,36.6177,-121.9166,62.6,79,40,3.0,scattered clouds
667,Madre De Deus,BR,-12.7408,-38.6208,82.45,76,92,8.21,overcast clouds
668,Ponta Delgada,PT,37.7333,-25.6667,63.5,82,75,5.75,broken clouds
669,Mbekenyera,TZ,-10.0,38.9833,71.06,90,2,6.33,clear sky
670,Bilma,NE,18.6853,12.9164,70.92,17,46,7.27,scattered clouds
671,Eyl,SO,7.9803,49.8164,76.21,64,2,14.12,clear sky
672,Vung Tau,VN,10.346,107.0843,74.95,85,82,4.0,broken clouds
673,Talara,PE,-4.5772,-81.2719,75.96,64,0,16.11,clear sky
674,Ritchie,ZA,-29.038,24.6028,65.41,87,100,6.85,moderate rain
675,Ngunguru,NZ,-35.6167,174.5,70.16,76,100,11.16,light rain
676,Moosomin,CA,50.1333,-101.6677,24.24,67,64,18.07,broken clouds
677,Navalmoral De La Mata,ES,39.8916,-5.5406,47.97,78,5,2.04,clear sky
678,Gizo,SB,-8.103,156.8419,83.48,71,100,4.18,overcast clouds
679,Mankono,CI,8.0586,-6.1897,80.78,49,66,3.8,broken clouds
680,Bodden Town,KY,19.2833,-81.25,84.2,76,20,8.01,few clouds
681,La Libertad,EC,-2.2333,-80.9,76.66,73,75,9.22,broken clouds
682,Milin,CZ,49.6319,14.046,29.89,100,72,6.58,broken clouds
683,Tromso,NO,69.6496,18.957,17.62,62,0,5.75,clear sky
684,Naigarhi,IN,24.7833,81.7833,60.66,50,98,3.2,overcast clouds
685,Salinopolis,BR,-0.6136,-47.3561,79.29,83,99,7.83,overcast clouds
686,Elko,US,41.0002,-115.5012,57.63,40,1,5.99,clear sky
687,Satinka,RU,52.3792,41.6819,42.93,86,97,20.27,overcast clouds
688,Imeni Poliny Osipenko,RU,52.4201,136.4853,-25.64,100,72,0.94,broken clouds
689,Ilam,NP,26.9167,87.9167,56.55,85,96,4.03,overcast clouds
690,Olinda,BR,-8.0089,-34.8553,82.13,74,40,10.36,scattered clouds
691,Ahtopol,BG,42.1,27.95,55.87,77,100,12.82,overcast clouds
692,Inuvik,CA,68.3499,-133.7218,-22.79,69,40,2.3,scattered clouds
693,Hobyo,SO,5.3505,48.5268,78.48,70,11,14.36,few clouds
694,Jasper,US,37.2001,-94.3502,72.27,61,40,1.01,scattered clouds
695,Swift Current,CA,50.2834,-107.8014,31.01,55,1,13.8,clear sky
696,Lindi,TZ,-10.0,39.7167,74.26,91,7,2.42,clear sky
697,Hashtrud,IR,37.4779,47.0508,30.79,64,0,2.71,clear sky
698,Jiaojiang,CN,28.6803,121.4428,41.0,68,69,4.63,broken clouds
699,Port-Cartier,CA,50.0334,-66.8654,21.74,63,12,18.28,few clouds
700,Belaya Gora,RU,68.5333,146.4167,-19.59,97,100,2.37,overcast clouds
701,Imbituba,BR,-28.24,-48.6703,71.49,79,97,9.42,overcast clouds
702,Capaci,IT,38.1711,13.2393,55.13,76,100,8.01,overcast clouds
